cancellation_id,ride_pk,cancelled_by_customer,reason_customer,cancelled_by_driver,reason_driver
1,1,1,"Não aplicavel",1,"Não aplicavel"
2,2,1,"Não aplicavel",1,"Não aplicavel"
3,3,1,"Não aplicavel",1,"Não aplicavel"
4,4,1,"Não aplicavel",1,"Não aplicavel"
5,5,1,"Não aplicavel",1,"Não aplicavel"
6,6,1,"Não aplicavel",1,"Não aplicavel"
7,7,1,"Não aplicavel",1,"Não aplicavel"
8,8,1,"Não aplicavel",1,"Não aplicavel"
9,9,1,"Não aplicavel",1,"Não aplicavel"
10,10,1,"Não aplicavel",1,"Não aplicavel"
11,11,1,"Não aplicavel",1,"Não aplicavel"
12,12,1,"Não aplicavel",1,"Não aplicavel"
13,13,1,"Não aplicavel",1,"Personal & Car related issues"
14,14,1,"Não aplicavel",1,"Não aplicavel"
15,15,1,"Não aplicavel",1,"Não aplicavel"
16,16,1,"Não aplicavel",1,"Não aplicavel"
17,17,1,"Não aplicavel",1,"Não aplicavel"
18,18,1,"Não aplicavel",1,"Customer related issue"
19,19,1,"Driver is not moving towards pickup location",1,"Não aplicavel"
20,20,1,"Não aplicavel",1,"Customer related issue"
21,21,1,"Não aplicavel",1,"Não aplicavel"
22,22,1,"Não aplicavel",1,"Não aplicavel"
23,23,1,"Não aplicavel",1,"Não aplicavel"
24,24,1,"Não aplicavel",1,"Não aplicavel"
25,25,1,"Não aplicavel",1,"Não aplicavel"
26,26,1,"Não aplicavel",1,"Não aplicavel"
27,27,1,"Não aplicavel",1,"Personal & Car related issues"
28,28,1,"Não aplicavel",1,"Não aplicavel"
29,29,1,"Não aplicavel",1,"Não aplicavel"
30,30,1,"Não aplicavel",1,"Não aplicavel"
31,31,1,"Não aplicavel",1,"More than permitted people in there"
32,32,1,"Não aplicavel",1,"Não aplicavel"
33,33,1,"Não aplicavel",1,"Não aplicavel"
34,34,1,"Não aplicavel",1,"Não aplicavel"
35,35,1,"Não aplicavel",1,"Customer related issue"
36,36,1,"Não aplicavel",1,"Não aplicavel"
37,37,1,"Não aplicavel",1,"Não aplicavel"
38,38,1,"Não aplicavel",1,"Não aplicavel"
39,39,1,"Não aplicavel",1,"Não aplicavel"
40,40,1,"Driver is not moving towards pickup location",1,"Não aplicavel"
41,41,1,"Não aplicavel",1,"Personal & Car related issues"
42,42,1,"Não aplicavel",1,"Não aplicavel"
43,43,1,"Não aplicavel",1,"Não aplicavel"
44,44,1,"Não aplicavel",1,"More than permitted people in there"
45,45,1,"Não aplicavel",1,"Não aplicavel"
46,46,1,"Não aplicavel",1,"More than permitted people in there"
47,47,1,"Driver asked to cancel",1,"Não aplicavel"
48,48,1,"Não aplicavel",1,"Não aplicavel"
49,49,1,"Não aplicavel",1,"Não aplicavel"
50,50,1,"Não aplicavel",1,"Não aplicavel"
51,51,1,"Não aplicavel",1,"Não aplicavel"
52,52,1,"Não aplicavel",1,"Não aplicavel"
53,53,1,"Não aplicavel",1,"Não aplicavel"
54,54,1,"Não aplicavel",1,"Não aplicavel"
55,55,1,"Não aplicavel",1,"More than permitted people in there"
56,56,1,"Não aplicavel",1,"Não aplicavel"
57,57,1,"Não aplicavel",1,"More than permitted people in there"
58,58,1,"Não aplicavel",1,"Não aplicavel"
59,59,1,"Não aplicavel",1,"Não aplicavel"
60,60,1,"Não aplicavel",1,"Customer related issue"
61,61,1,"Não aplicavel",1,"Não aplicavel"
62,62,1,"Não aplicavel",1,"Não aplicavel"
63,63,1,"Driver is not moving towards pickup location",1,"Não aplicavel"
64,64,1,"Não aplicavel",1,"Customer related issue"
65,65,1,"Não aplicavel",1,"Não aplicavel"
66,66,1,"Não aplicavel",1,"More than permitted people in there"
67,67,1,"Não aplicavel",1,"Customer related issue"
68,68,1,"Não aplicavel",1,"Não aplicavel"
69,69,1,"Não aplicavel",1,"Não aplicavel"
70,70,1,"Não aplicavel",1,"Não aplicavel"
71,71,1,"Não aplicavel",1,"Não aplicavel"
72,72,1,"Não aplicavel",1,"Personal & Car related issues"
73,73,1,"Não aplicavel",1,"Não aplicavel"
74,74,1,"Não aplicavel",1,"Não aplicavel"
75,75,1,"Não aplicavel",1,"Não aplicavel"
76,76,1,"Não aplicavel",1,"Não aplicavel"
77,77,1,"Não aplicavel",1,"Não aplicavel"
78,78,1,"Não aplicavel",1,"Não aplicavel"
79,79,1,"Driver asked to cancel",1,"Não aplicavel"
80,80,1,"Não aplicavel",1,"Personal & Car related issues"
81,81,1,"Não aplicavel",1,"Não aplicavel"
82,82,1,"Não aplicavel",1,"More than permitted people in there"
83,83,1,"Não aplicavel",1,"Não aplicavel"
84,84,1,"Não aplicavel",1,"Não aplicavel"
85,85,1,"Não aplicavel",1,"Não aplicavel"
86,86,1,"Não aplicavel",1,"The customer was coughing/sick"
87,87,1,"Não aplicavel",1,"Não aplicavel"
88,88,1,"Não aplicavel",1,"Não aplicavel"
89,89,1,"Não aplicavel",1,"Não aplicavel"
90,90,1,"Não aplicavel",1,"Não aplicavel"
91,91,1,"Não aplicavel",1,"Não aplicavel"
92,92,1,"Não aplicavel",1,"Não aplicavel"
93,93,1,"Não aplicavel",1,"Não aplicavel"
94,94,1,"Não aplicavel",1,"Não aplicavel"
95,95,1,"Não aplicavel",1,"Não aplicavel"
96,96,1,"Não aplicavel",1,"More than permitted people in there"
97,97,1,"Não aplicavel",1,"Não aplicavel"
98,98,1,"Não aplicavel",1,"Não aplicavel"
99,99,1,"Não aplicavel",1,"Não aplicavel"
100,100,1,"AC is not working",1,"Não aplicavel"
101,101,1,"Não aplicavel",1,"Não aplicavel"
102,102,1,"Não aplicavel",1,"Personal & Car related issues"
103,103,1,"Não aplicavel",1,"Não aplicavel"
104,104,1,"Não aplicavel",1,"Não aplicavel"
105,105,1,"Não aplicavel",1,"Não aplicavel"
106,106,1,"Não aplicavel",1,"Não aplicavel"
107,107,1,"Driver asked to cancel",1,"Não aplicavel"
108,108,1,"Não aplicavel",1,"Não aplicavel"
109,109,1,"Não aplicavel",1,"Não aplicavel"
110,110,1,"Não aplicavel",1,"Não aplicavel"
111,111,1,"Não aplicavel",1,"Não aplicavel"
112,112,1,"Não aplicavel",1,"Não aplicavel"
113,113,1,"Não aplicavel",1,"Não aplicavel"
114,114,1,"Não aplicavel",1,"Não aplicavel"
115,115,1,"Não aplicavel",1,"Não aplicavel"
116,116,1,"Driver asked to cancel",1,"Não aplicavel"
117,117,1,"Change of plans",1,"Não aplicavel"
118,118,1,"Não aplicavel",1,"Não aplicavel"
119,119,1,"Não aplicavel",1,"Personal & Car related issues"
120,120,1,"Não aplicavel",1,"Não aplicavel"
121,121,1,"Não aplicavel",1,"Não aplicavel"
122,122,1,"Não aplicavel",1,"The customer was coughing/sick"
123,123,1,"Não aplicavel",1,"Não aplicavel"
124,124,1,"Não aplicavel",1,"Não aplicavel"
125,125,1,"Não aplicavel",1,"Não aplicavel"
126,126,1,"Não aplicavel",1,"Não aplicavel"
127,127,1,"Não aplicavel",1,"Não aplicavel"
128,128,1,"Não aplicavel",1,"Não aplicavel"
129,129,1,"Não aplicavel",1,"Não aplicavel"
130,130,1,"Não aplicavel",1,"Não aplicavel"
131,131,1,"Não aplicavel",1,"Não aplicavel"
132,132,1,"Não aplicavel",1,"Não aplicavel"
133,133,1,"Não aplicavel",1,"The customer was coughing/sick"
134,134,1,"Não aplicavel",1,"Não aplicavel"
135,135,1,"Não aplicavel",1,"Não aplicavel"
136,136,1,"Não aplicavel",1,"Não aplicavel"
137,137,1,"Não aplicavel",1,"Não aplicavel"
138,138,1,"Não aplicavel",1,"Não aplicavel"
139,139,1,"Não aplicavel",1,"Não aplicavel"
140,140,1,"Não aplicavel",1,"Não aplicavel"
141,141,1,"Não aplicavel",1,"Não aplicavel"
142,142,1,"Não aplicavel",1,"Não aplicavel"
143,143,1,"Não aplicavel",1,"Não aplicavel"
144,144,1,"Não aplicavel",1,"Não aplicavel"
145,145,1,"Wrong Address",1,"Não aplicavel"
146,146,1,"Não aplicavel",1,"Não aplicavel"
147,147,1,"Não aplicavel",1,"Não aplicavel"
148,148,1,"Não aplicavel",1,"Não aplicavel"
149,149,1,"Não aplicavel",1,"Não aplicavel"
150,150,1,"Driver asked to cancel",1,"Não aplicavel"
151,151,1,"Não aplicavel",1,"Não aplicavel"
152,152,1,"Não aplicavel",1,"Customer related issue"
153,153,1,"Não aplicavel",1,"Não aplicavel"
154,154,1,"Change of plans",1,"Não aplicavel"
155,155,1,"Não aplicavel",1,"Não aplicavel"
156,156,1,"Não aplicavel",1,"More than permitted people in there"
157,157,1,"Change of plans",1,"Não aplicavel"
158,158,1,"Driver asked to cancel",1,"Não aplicavel"
159,159,1,"Não aplicavel",1,"Não aplicavel"
160,160,1,"Não aplicavel",1,"Não aplicavel"
161,161,1,"Não aplicavel",1,"Não aplicavel"
162,162,1,"Não aplicavel",1,"Não aplicavel"
163,163,1,"Não aplicavel",1,"Não aplicavel"
164,164,1,"Não aplicavel",1,"Não aplicavel"
165,165,1,"Não aplicavel",1,"Não aplicavel"
166,166,1,"Não aplicavel",1,"Não aplicavel"
167,167,1,"Não aplicavel",1,"Não aplicavel"
168,168,1,"Não aplicavel",1,"The customer was coughing/sick"
169,169,1,"Não aplicavel",1,"Não aplicavel"
170,170,1,"Não aplicavel",1,"Não aplicavel"
171,171,1,"Não aplicavel",1,"Não aplicavel"
172,172,1,"Não aplicavel",1,"Não aplicavel"
173,173,1,"Não aplicavel",1,"Personal & Car related issues"
174,174,1,"Não aplicavel",1,"Não aplicavel"
175,175,1,"Não aplicavel",1,"The customer was coughing/sick"
176,176,1,"Não aplicavel",1,"Não aplicavel"
177,177,1,"Não aplicavel",1,"Não aplicavel"
178,178,1,"Não aplicavel",1,"More than permitted people in there"
179,179,1,"Não aplicavel",1,"Não aplicavel"
180,180,1,"Não aplicavel",1,"The customer was coughing/sick"
181,181,1,"Não aplicavel",1,"Customer related issue"
182,182,1,"Não aplicavel",1,"Não aplicavel"
183,183,1,"Não aplicavel",1,"Customer related issue"
184,184,1,"Não aplicavel",1,"Não aplicavel"
185,185,1,"Não aplicavel",1,"More than permitted people in there"
186,186,1,"Não aplicavel",1,"Não aplicavel"
187,187,1,"Não aplicavel",1,"Não aplicavel"
188,188,1,"Não aplicavel",1,"The customer was coughing/sick"
189,189,1,"Não aplicavel",1,"Não aplicavel"
190,190,1,"Não aplicavel",1,"Não aplicavel"
191,191,1,"Não aplicavel",1,"Não aplicavel"
192,192,1,"Não aplicavel",1,"Não aplicavel"
193,193,1,"Não aplicavel",1,"Não aplicavel"
194,194,1,"Não aplicavel",1,"Não aplicavel"
195,195,1,"Não aplicavel",1,"Não aplicavel"
196,196,1,"Não aplicavel",1,"Não aplicavel"
197,197,1,"Não aplicavel",1,"Não aplicavel"
198,198,1,"Não aplicavel",1,"Não aplicavel"
199,199,1,"Não aplicavel",1,"Não aplicavel"
200,200,1,"Não aplicavel",1,"Personal & Car related issues"
201,201,1,"Não aplicavel",1,"More than permitted people in there"
202,202,1,"Não aplicavel",1,"Não aplicavel"
203,203,1,"Não aplicavel",1,"Não aplicavel"
204,204,1,"Não aplicavel",1,"Não aplicavel"
205,205,1,"Não aplicavel",1,"Não aplicavel"
206,206,1,"Não aplicavel",1,"Customer related issue"
207,207,1,"Não aplicavel",1,"Não aplicavel"
208,208,1,"Não aplicavel",1,"Não aplicavel"
209,209,1,"Não aplicavel",1,"More than permitted people in there"
210,210,1,"Não aplicavel",1,"Não aplicavel"
211,211,1,"Não aplicavel",1,"Não aplicavel"
212,212,1,"Não aplicavel",1,"Não aplicavel"
213,213,1,"Não aplicavel",1,"Não aplicavel"
214,214,1,"Não aplicavel",1,"Não aplicavel"
215,215,1,"Driver is not moving towards pickup location",1,"Não aplicavel"
216,216,1,"Não aplicavel",1,"Não aplicavel"
217,217,1,"Não aplicavel",1,"Não aplicavel"
218,218,1,"Não aplicavel",1,"Não aplicavel"
219,219,1,"Não aplicavel",1,"Não aplicavel"
220,220,1,"Não aplicavel",1,"Não aplicavel"
221,221,1,"Não aplicavel",1,"Não aplicavel"
222,222,1,"Não aplicavel",1,"Não aplicavel"
223,223,1,"Não aplicavel",1,"Não aplicavel"
224,224,1,"Não aplicavel",1,"Não aplicavel"
225,225,1,"Não aplicavel",1,"Customer related issue"
226,226,1,"Não aplicavel",1,"Não aplicavel"
227,227,1,"Não aplicavel",1,"Não aplicavel"
228,228,1,"Não aplicavel",1,"Não aplicavel"
229,229,1,"Não aplicavel",1,"Não aplicavel"
230,230,1,"Não aplicavel",1,"Não aplicavel"
231,231,1,"Não aplicavel",1,"Não aplicavel"
232,232,1,"Não aplicavel",1,"Não aplicavel"
233,233,1,"Não aplicavel",1,"Não aplicavel"
234,234,1,"Wrong Address",1,"Não aplicavel"
235,235,1,"Não aplicavel",1,"Não aplicavel"
236,236,1,"Não aplicavel",1,"Não aplicavel"
237,237,1,"Não aplicavel",1,"Não aplicavel"
238,238,1,"Não aplicavel",1,"Não aplicavel"
239,239,1,"Change of plans",1,"Não aplicavel"
240,240,1,"Não aplicavel",1,"Não aplicavel"
241,241,1,"Não aplicavel",1,"Não aplicavel"
242,242,1,"Não aplicavel",1,"Não aplicavel"
243,243,1,"Não aplicavel",1,"Não aplicavel"
244,244,1,"Não aplicavel",1,"Personal & Car related issues"
245,245,1,"Não aplicavel",1,"Não aplicavel"
246,246,1,"Driver asked to cancel",1,"Não aplicavel"
247,247,1,"Não aplicavel",1,"Não aplicavel"
248,248,1,"Não aplicavel",1,"Não aplicavel"
249,249,1,"Não aplicavel",1,"Não aplicavel"
250,250,1,"Não aplicavel",1,"Não aplicavel"
251,251,1,"Não aplicavel",1,"Não aplicavel"
252,252,1,"Não aplicavel",1,"Customer related issue"
253,253,1,"Não aplicavel",1,"Não aplicavel"
254,254,1,"Não aplicavel",1,"Não aplicavel"
255,255,1,"AC is not working",1,"Não aplicavel"
256,256,1,"Não aplicavel",1,"Não aplicavel"
257,257,1,"Não aplicavel",1,"Não aplicavel"
258,258,1,"Não aplicavel",1,"Não aplicavel"
259,259,1,"Não aplicavel",1,"Não aplicavel"
260,260,1,"Não aplicavel",1,"Não aplicavel"
261,261,1,"Não aplicavel",1,"Personal & Car related issues"
262,262,1,"Não aplicavel",1,"Não aplicavel"
263,263,1,"Não aplicavel",1,"Não aplicavel"
264,264,1,"Não aplicavel",1,"Não aplicavel"
265,265,1,"Não aplicavel",1,"Não aplicavel"
266,266,1,"Não aplicavel",1,"Não aplicavel"
267,267,1,"Não aplicavel",1,"Não aplicavel"
268,268,1,"Não aplicavel",1,"Personal & Car related issues"
269,269,1,"Não aplicavel",1,"The customer was coughing/sick"
270,270,1,"Não aplicavel",1,"Não aplicavel"
271,271,1,"Não aplicavel",1,"Não aplicavel"
272,272,1,"Não aplicavel",1,"Não aplicavel"
273,273,1,"Não aplicavel",1,"Não aplicavel"
274,274,1,"Não aplicavel",1,"Não aplicavel"
275,275,1,"Não aplicavel",1,"More than permitted people in there"
276,276,1,"Não aplicavel",1,"Não aplicavel"
277,277,1,"Não aplicavel",1,"Customer related issue"
278,278,1,"Não aplicavel",1,"Não aplicavel"
279,279,1,"Não aplicavel",1,"Não aplicavel"
280,280,1,"Não aplicavel",1,"Não aplicavel"
281,281,1,"Não aplicavel",1,"Não aplicavel"
282,282,1,"Não aplicavel",1,"Não aplicavel"
283,283,1,"Não aplicavel",1,"Não aplicavel"
284,284,1,"Não aplicavel",1,"Não aplicavel"
285,285,1,"Não aplicavel",1,"More than permitted people in there"
286,286,1,"Driver asked to cancel",1,"Não aplicavel"
287,287,1,"Não aplicavel",1,"Não aplicavel"
288,288,1,"Não aplicavel",1,"Não aplicavel"
289,289,1,"Não aplicavel",1,"Não aplicavel"
290,290,1,"Não aplicavel",1,"Customer related issue"
291,291,1,"Não aplicavel",1,"Não aplicavel"
292,292,1,"Não aplicavel",1,"Não aplicavel"
293,293,1,"Não aplicavel",1,"Não aplicavel"
294,294,1,"Não aplicavel",1,"Não aplicavel"
295,295,1,"Não aplicavel",1,"Não aplicavel"
296,296,1,"Não aplicavel",1,"Não aplicavel"
297,297,1,"Não aplicavel",1,"Não aplicavel"
298,298,1,"Não aplicavel",1,"Não aplicavel"
299,299,1,"Não aplicavel",1,"Não aplicavel"
300,300,1,"Não aplicavel",1,"Não aplicavel"
301,301,1,"Não aplicavel",1,"Não aplicavel"
302,302,1,"Não aplicavel",1,"Não aplicavel"
303,303,1,"Não aplicavel",1,"The customer was coughing/sick"
304,304,1,"Não aplicavel",1,"Não aplicavel"
305,305,1,"Não aplicavel",1,"Não aplicavel"
306,306,1,"Driver asked to cancel",1,"Não aplicavel"
307,307,1,"Não aplicavel",1,"Não aplicavel"
308,308,1,"Driver asked to cancel",1,"Não aplicavel"
309,309,1,"Não aplicavel",1,"Customer related issue"
310,310,1,"Não aplicavel",1,"Não aplicavel"
311,311,1,"Não aplicavel",1,"Não aplicavel"
312,312,1,"Não aplicavel",1,"Não aplicavel"
313,313,1,"Não aplicavel",1,"Personal & Car related issues"
314,314,1,"Não aplicavel",1,"Não aplicavel"
315,315,1,"Não aplicavel",1,"Customer related issue"
316,316,1,"Não aplicavel",1,"Não aplicavel"
317,317,1,"Não aplicavel",1,"Não aplicavel"
318,318,1,"Não aplicavel",1,"Não aplicavel"
319,319,1,"Não aplicavel",1,"Não aplicavel"
320,320,1,"Não aplicavel",1,"Não aplicavel"
321,321,1,"Não aplicavel",1,"Customer related issue"
322,322,1,"Não aplicavel",1,"The customer was coughing/sick"
323,323,1,"Não aplicavel",1,"Não aplicavel"
324,324,1,"Não aplicavel",1,"Não aplicavel"
325,325,1,"Não aplicavel",1,"Não aplicavel"
326,326,1,"Não aplicavel",1,"Não aplicavel"
327,327,1,"Não aplicavel",1,"Não aplicavel"
328,328,1,"Não aplicavel",1,"Não aplicavel"
329,329,1,"Não aplicavel",1,"Não aplicavel"
330,330,1,"Não aplicavel",1,"More than permitted people in there"
331,331,1,"Não aplicavel",1,"Não aplicavel"
332,332,1,"Não aplicavel",1,"Não aplicavel"
333,333,1,"Não aplicavel",1,"Não aplicavel"
334,334,1,"Não aplicavel",1,"Não aplicavel"
335,335,1,"Não aplicavel",1,"Não aplicavel"
336,336,1,"Não aplicavel",1,"Não aplicavel"
337,337,1,"Não aplicavel",1,"Não aplicavel"
338,338,1,"Não aplicavel",1,"Customer related issue"
339,339,1,"Não aplicavel",1,"Não aplicavel"
340,340,1,"Não aplicavel",1,"Não aplicavel"
341,341,1,"Não aplicavel",1,"Não aplicavel"
342,342,1,"Driver asked to cancel",1,"Não aplicavel"
343,343,1,"Não aplicavel",1,"More than permitted people in there"
344,344,1,"Não aplicavel",1,"Não aplicavel"
345,345,1,"Não aplicavel",1,"Não aplicavel"
346,346,1,"Não aplicavel",1,"Customer related issue"
347,347,1,"Não aplicavel",1,"Não aplicavel"
348,348,1,"Não aplicavel",1,"Não aplicavel"
349,349,1,"Não aplicavel",1,"Não aplicavel"
350,350,1,"Não aplicavel",1,"Não aplicavel"
351,351,1,"Não aplicavel",1,"Não aplicavel"
352,352,1,"Não aplicavel",1,"Não aplicavel"
353,353,1,"Não aplicavel",1,"Não aplicavel"
354,354,1,"Não aplicavel",1,"Não aplicavel"
355,355,1,"Não aplicavel",1,"Personal & Car related issues"
356,356,1,"Não aplicavel",1,"Não aplicavel"
357,357,1,"Não aplicavel",1,"Não aplicavel"
358,358,1,"Não aplicavel",1,"Não aplicavel"
359,359,1,"Não aplicavel",1,"Não aplicavel"
360,360,1,"Driver asked to cancel",1,"Não aplicavel"
361,361,1,"Não aplicavel",1,"Não aplicavel"
362,362,1,"Não aplicavel",1,"Customer related issue"
363,363,1,"Não aplicavel",1,"Personal & Car related issues"
364,364,1,"Não aplicavel",1,"Não aplicavel"
365,365,1,"Não aplicavel",1,"Não aplicavel"
366,366,1,"Não aplicavel",1,"Não aplicavel"
367,367,1,"Não aplicavel",1,"Não aplicavel"
368,368,1,"Não aplicavel",1,"Não aplicavel"
369,369,1,"Não aplicavel",1,"Não aplicavel"
370,370,1,"Não aplicavel",1,"The customer was coughing/sick"
371,371,1,"Não aplicavel",1,"Não aplicavel"
372,372,1,"Não aplicavel",1,"Não aplicavel"
373,373,1,"Não aplicavel",1,"Não aplicavel"
374,374,1,"Não aplicavel",1,"More than permitted people in there"
375,375,1,"Não aplicavel",1,"Customer related issue"
376,376,1,"Não aplicavel",1,"Não aplicavel"
377,377,1,"Não aplicavel",1,"Não aplicavel"
378,378,1,"Não aplicavel",1,"Não aplicavel"
379,379,1,"Não aplicavel",1,"Não aplicavel"
380,380,1,"Não aplicavel",1,"Não aplicavel"
381,381,1,"Não aplicavel",1,"Não aplicavel"
382,382,1,"Não aplicavel",1,"Não aplicavel"
383,383,1,"AC is not working",1,"Não aplicavel"
384,384,1,"Não aplicavel",1,"Não aplicavel"
385,385,1,"Não aplicavel",1,"Não aplicavel"
386,386,1,"Não aplicavel",1,"More than permitted people in there"
387,387,1,"Change of plans",1,"Não aplicavel"
388,388,1,"Não aplicavel",1,"Não aplicavel"
389,389,1,"Não aplicavel",1,"Não aplicavel"
390,390,1,"Não aplicavel",1,"The customer was coughing/sick"
391,391,1,"Não aplicavel",1,"Não aplicavel"
392,392,1,"Não aplicavel",1,"More than permitted people in there"
393,393,1,"Não aplicavel",1,"Não aplicavel"
394,394,1,"Change of plans",1,"Não aplicavel"
395,395,1,"Não aplicavel",1,"Não aplicavel"
396,396,1,"Não aplicavel",1,"Não aplicavel"
397,397,1,"Não aplicavel",1,"Não aplicavel"
398,398,1,"Não aplicavel",1,"Não aplicavel"
399,399,1,"Wrong Address",1,"Não aplicavel"
400,400,1,"Não aplicavel",1,"Customer related issue"
401,401,1,"Não aplicavel",1,"Customer related issue"
402,402,1,"Não aplicavel",1,"Não aplicavel"
403,403,1,"Não aplicavel",1,"Não aplicavel"
404,404,1,"Não aplicavel",1,"Não aplicavel"
405,405,1,"Não aplicavel",1,"Não aplicavel"
406,406,1,"Não aplicavel",1,"Não aplicavel"
407,407,1,"Não aplicavel",1,"Não aplicavel"
408,408,1,"Driver asked to cancel",1,"Não aplicavel"
409,409,1,"Não aplicavel",1,"Não aplicavel"
410,410,1,"Não aplicavel",1,"Não aplicavel"
411,411,1,"Não aplicavel",1,"Não aplicavel"
412,412,1,"Não aplicavel",1,"Não aplicavel"
413,413,1,"Não aplicavel",1,"The customer was coughing/sick"
414,414,1,"Não aplicavel",1,"Não aplicavel"
415,415,1,"Não aplicavel",1,"Não aplicavel"
416,416,1,"Não aplicavel",1,"Customer related issue"
417,417,1,"Não aplicavel",1,"Não aplicavel"
418,418,1,"Não aplicavel",1,"Não aplicavel"
419,419,1,"Não aplicavel",1,"Não aplicavel"
420,420,1,"Não aplicavel",1,"Personal & Car related issues"
421,421,1,"Não aplicavel",1,"Não aplicavel"
422,422,1,"Não aplicavel",1,"Não aplicavel"
423,423,1,"Não aplicavel",1,"Não aplicavel"
424,424,1,"Não aplicavel",1,"Não aplicavel"
425,425,1,"Não aplicavel",1,"Não aplicavel"
426,426,1,"Não aplicavel",1,"Não aplicavel"
427,427,1,"Não aplicavel",1,"Não aplicavel"
428,428,1,"Não aplicavel",1,"The customer was coughing/sick"
429,429,1,"Não aplicavel",1,"Não aplicavel"
430,430,1,"Não aplicavel",1,"Não aplicavel"
431,431,1,"Não aplicavel",1,"The customer was coughing/sick"
432,432,1,"Não aplicavel",1,"Não aplicavel"
433,433,1,"Não aplicavel",1,"Não aplicavel"
434,434,1,"Não aplicavel",1,"Não aplicavel"
435,435,1,"Não aplicavel",1,"Não aplicavel"
436,436,1,"Não aplicavel",1,"Personal & Car related issues"
437,437,1,"Não aplicavel",1,"Não aplicavel"
438,438,1,"Não aplicavel",1,"Customer related issue"
439,439,1,"Não aplicavel",1,"Não aplicavel"
440,440,1,"Não aplicavel",1,"Personal & Car related issues"
441,441,1,"Não aplicavel",1,"Não aplicavel"
442,442,1,"Não aplicavel",1,"Não aplicavel"
443,443,1,"Não aplicavel",1,"Não aplicavel"
444,444,1,"Não aplicavel",1,"Não aplicavel"
445,445,1,"Não aplicavel",1,"Não aplicavel"
446,446,1,"Não aplicavel",1,"Não aplicavel"
447,447,1,"Não aplicavel",1,"More than permitted people in there"
448,448,1,"Wrong Address",1,"Não aplicavel"
449,449,1,"Não aplicavel",1,"Não aplicavel"
450,450,1,"Não aplicavel",1,"Não aplicavel"
451,451,1,"Não aplicavel",1,"Customer related issue"
452,452,1,"Não aplicavel",1,"Não aplicavel"
453,453,1,"Não aplicavel",1,"Não aplicavel"
454,454,1,"Não aplicavel",1,"Não aplicavel"
455,455,1,"Não aplicavel",1,"Não aplicavel"
456,456,1,"Não aplicavel",1,"Não aplicavel"
457,457,1,"Não aplicavel",1,"Não aplicavel"
458,458,1,"Não aplicavel",1,"Não aplicavel"
459,459,1,"Não aplicavel",1,"Não aplicavel"
460,460,1,"Não aplicavel",1,"Não aplicavel"
461,461,1,"Não aplicavel",1,"Não aplicavel"
462,462,1,"Não aplicavel",1,"Não aplicavel"
463,463,1,"Não aplicavel",1,"Não aplicavel"
464,464,1,"Não aplicavel",1,"Não aplicavel"
465,465,1,"Não aplicavel",1,"Customer related issue"
466,466,1,"Não aplicavel",1,"Não aplicavel"
467,467,1,"Não aplicavel",1,"Não aplicavel"
468,468,1,"Não aplicavel",1,"Não aplicavel"
469,469,1,"Não aplicavel",1,"Customer related issue"
470,470,1,"Wrong Address",1,"Não aplicavel"
471,471,1,"Não aplicavel",1,"Não aplicavel"
472,472,1,"Não aplicavel",1,"Não aplicavel"
473,473,1,"Não aplicavel",1,"Não aplicavel"
474,474,1,"Não aplicavel",1,"Não aplicavel"
475,475,1,"Não aplicavel",1,"Não aplicavel"
476,476,1,"Não aplicavel",1,"Não aplicavel"
477,477,1,"Não aplicavel",1,"Não aplicavel"
478,478,1,"Não aplicavel",1,"Personal & Car related issues"
479,479,1,"Não aplicavel",1,"Não aplicavel"
480,480,1,"Não aplicavel",1,"The customer was coughing/sick"
481,481,1,"Não aplicavel",1,"The customer was coughing/sick"
482,482,1,"Não aplicavel",1,"Não aplicavel"
483,483,1,"Não aplicavel",1,"More than permitted people in there"
484,484,1,"Não aplicavel",1,"Não aplicavel"
485,485,1,"Não aplicavel",1,"Não aplicavel"
486,486,1,"Não aplicavel",1,"Não aplicavel"
487,487,1,"Não aplicavel",1,"Não aplicavel"
488,488,1,"Não aplicavel",1,"Personal & Car related issues"
489,489,1,"Não aplicavel",1,"Personal & Car related issues"
490,490,1,"Não aplicavel",1,"Não aplicavel"
491,491,1,"Não aplicavel",1,"Não aplicavel"
492,492,1,"Não aplicavel",1,"More than permitted people in there"
493,493,1,"Driver asked to cancel",1,"Não aplicavel"
494,494,1,"Não aplicavel",1,"Não aplicavel"
495,495,1,"Não aplicavel",1,"Customer related issue"
496,496,1,"Não aplicavel",1,"Não aplicavel"
497,497,1,"Não aplicavel",1,"Não aplicavel"
498,498,1,"Não aplicavel",1,"Não aplicavel"
499,499,1,"Não aplicavel",1,"Não aplicavel"
500,500,1,"Não aplicavel",1,"Não aplicavel"
501,501,1,"Não aplicavel",1,"Não aplicavel"
502,502,1,"Change of plans",1,"Não aplicavel"
503,503,1,"Não aplicavel",1,"Não aplicavel"
504,504,1,"Não aplicavel",1,"Não aplicavel"
505,505,1,"Não aplicavel",1,"Não aplicavel"
506,506,1,"Não aplicavel",1,"Não aplicavel"
507,507,1,"Não aplicavel",1,"Não aplicavel"
508,508,1,"Não aplicavel",1,"Personal & Car related issues"
509,509,1,"Não aplicavel",1,"Não aplicavel"
510,510,1,"Não aplicavel",1,"Não aplicavel"
511,511,1,"Não aplicavel",1,"Personal & Car related issues"
512,512,1,"Não aplicavel",1,"Personal & Car related issues"
513,513,1,"Não aplicavel",1,"The customer was coughing/sick"
514,514,1,"Não aplicavel",1,"The customer was coughing/sick"
515,515,1,"Não aplicavel",1,"Não aplicavel"
516,516,1,"Não aplicavel",1,"Não aplicavel"
517,517,1,"Não aplicavel",1,"Não aplicavel"
518,518,1,"Não aplicavel",1,"Não aplicavel"
519,519,1,"Não aplicavel",1,"Não aplicavel"
520,520,1,"Não aplicavel",1,"Não aplicavel"
521,521,1,"Não aplicavel",1,"Não aplicavel"
522,522,1,"Não aplicavel",1,"Não aplicavel"
523,523,1,"Não aplicavel",1,"Não aplicavel"
524,524,1,"Não aplicavel",1,"The customer was coughing/sick"
525,525,1,"Não aplicavel",1,"Não aplicavel"
526,526,1,"Não aplicavel",1,"Não aplicavel"
527,527,1,"Não aplicavel",1,"More than permitted people in there"
528,528,1,"Não aplicavel",1,"More than permitted people in there"
529,529,1,"Não aplicavel",1,"Não aplicavel"
530,530,1,"Não aplicavel",1,"Não aplicavel"
531,531,1,"Não aplicavel",1,"Personal & Car related issues"
532,532,1,"Driver asked to cancel",1,"Não aplicavel"
533,533,1,"Não aplicavel",1,"More than permitted people in there"
534,534,1,"Não aplicavel",1,"The customer was coughing/sick"
535,535,1,"Não aplicavel",1,"Não aplicavel"
536,536,1,"Não aplicavel",1,"Customer related issue"
537,537,1,"Não aplicavel",1,"Não aplicavel"
538,538,1,"Driver is not moving towards pickup location",1,"Não aplicavel"
539,539,1,"Não aplicavel",1,"The customer was coughing/sick"
540,540,1,"Não aplicavel",1,"The customer was coughing/sick"
541,541,1,"Change of plans",1,"Não aplicavel"
542,542,1,"Não aplicavel",1,"Não aplicavel"
543,543,1,"Não aplicavel",1,"Personal & Car related issues"
544,544,1,"Wrong Address",1,"Não aplicavel"
545,545,1,"Não aplicavel",1,"Não aplicavel"
546,546,1,"Não aplicavel",1,"The customer was coughing/sick"
547,547,1,"Não aplicavel",1,"Não aplicavel"
548,548,1,"Não aplicavel",1,"Não aplicavel"
549,549,1,"Não aplicavel",1,"Não aplicavel"
550,550,1,"Não aplicavel",1,"Não aplicavel"
551,551,1,"Não aplicavel",1,"Não aplicavel"
552,552,1,"Não aplicavel",1,"Não aplicavel"
553,553,1,"Não aplicavel",1,"Não aplicavel"
554,554,1,"Não aplicavel",1,"Não aplicavel"
555,555,1,"Não aplicavel",1,"Não aplicavel"
556,556,1,"Não aplicavel",1,"Não aplicavel"
557,557,1,"Não aplicavel",1,"Não aplicavel"
558,558,1,"Não aplicavel",1,"More than permitted people in there"
559,559,1,"Não aplicavel",1,"Não aplicavel"
560,560,1,"Não aplicavel",1,"Não aplicavel"
561,561,1,"Não aplicavel",1,"Não aplicavel"
562,562,1,"Não aplicavel",1,"Não aplicavel"
563,563,1,"Não aplicavel",1,"Customer related issue"
564,564,1,"Não aplicavel",1,"Personal & Car related issues"
565,565,1,"Não aplicavel",1,"Não aplicavel"
566,566,1,"Não aplicavel",1,"Não aplicavel"
567,567,1,"Não aplicavel",1,"Não aplicavel"
568,568,1,"Não aplicavel",1,"Personal & Car related issues"
569,569,1,"Não aplicavel",1,"Não aplicavel"
570,570,1,"Não aplicavel",1,"Não aplicavel"
571,571,1,"Não aplicavel",1,"Não aplicavel"
572,572,1,"Não aplicavel",1,"Não aplicavel"
573,573,1,"Não aplicavel",1,"Não aplicavel"
574,574,1,"Não aplicavel",1,"Não aplicavel"
575,575,1,"Não aplicavel",1,"Não aplicavel"
576,576,1,"Não aplicavel",1,"Não aplicavel"
577,577,1,"Não aplicavel",1,"More than permitted people in there"
578,578,1,"Não aplicavel",1,"More than permitted people in there"
579,579,1,"Não aplicavel",1,"Não aplicavel"
580,580,1,"Não aplicavel",1,"Não aplicavel"
581,581,1,"Não aplicavel",1,"Não aplicavel"
582,582,1,"Não aplicavel",1,"Não aplicavel"
583,583,1,"AC is not working",1,"Não aplicavel"
584,584,1,"Não aplicavel",1,"Não aplicavel"
585,585,1,"Não aplicavel",1,"The customer was coughing/sick"
586,586,1,"Não aplicavel",1,"Não aplicavel"
587,587,1,"Não aplicavel",1,"Não aplicavel"
588,588,1,"Não aplicavel",1,"Não aplicavel"
589,589,1,"Não aplicavel",1,"Não aplicavel"
590,590,1,"Não aplicavel",1,"Não aplicavel"
591,591,1,"Não aplicavel",1,"Não aplicavel"
592,592,1,"Não aplicavel",1,"Não aplicavel"
593,593,1,"Não aplicavel",1,"Não aplicavel"
594,594,1,"Driver is not moving towards pickup location",1,"Não aplicavel"
595,595,1,"Não aplicavel",1,"Personal & Car related issues"
596,596,1,"Não aplicavel",1,"Não aplicavel"
597,597,1,"Não aplicavel",1,"Não aplicavel"
598,598,1,"Não aplicavel",1,"Não aplicavel"
599,599,1,"Não aplicavel",1,"Não aplicavel"
600,600,1,"Não aplicavel",1,"Não aplicavel"
601,601,1,"Não aplicavel",1,"Personal & Car related issues"
602,602,1,"Não aplicavel",1,"Não aplicavel"
603,603,1,"Não aplicavel",1,"Não aplicavel"
604,604,1,"Não aplicavel",1,"Não aplicavel"
605,605,1,"Não aplicavel",1,"Não aplicavel"
606,606,1,"Não aplicavel",1,"Não aplicavel"
607,607,1,"Não aplicavel",1,"The customer was coughing/sick"
608,608,1,"Não aplicavel",1,"Não aplicavel"
609,609,1,"Não aplicavel",1,"Não aplicavel"
610,610,1,"Não aplicavel",1,"Não aplicavel"
611,611,1,"Não aplicavel",1,"Personal & Car related issues"
612,612,1,"Não aplicavel",1,"Não aplicavel"
613,613,1,"Não aplicavel",1,"Não aplicavel"
614,614,1,"Não aplicavel",1,"Não aplicavel"
615,615,1,"AC is not working",1,"Não aplicavel"
616,616,1,"Não aplicavel",1,"Não aplicavel"
617,617,1,"Não aplicavel",1,"Não aplicavel"
618,618,1,"Não aplicavel",1,"Não aplicavel"
619,619,1,"Não aplicavel",1,"Não aplicavel"
620,620,1,"Não aplicavel",1,"Não aplicavel"
621,621,1,"Não aplicavel",1,"Não aplicavel"
622,622,1,"Não aplicavel",1,"Não aplicavel"
623,623,1,"Não aplicavel",1,"Não aplicavel"
624,624,1,"Não aplicavel",1,"More than permitted people in there"
625,625,1,"Não aplicavel",1,"Não aplicavel"
626,626,1,"Não aplicavel",1,"Não aplicavel"
627,627,1,"Wrong Address",1,"Não aplicavel"
628,628,1,"Não aplicavel",1,"Não aplicavel"
629,629,1,"Não aplicavel",1,"Não aplicavel"
630,630,1,"Não aplicavel",1,"Personal & Car related issues"
631,631,1,"Não aplicavel",1,"Não aplicavel"
632,632,1,"Não aplicavel",1,"Não aplicavel"
633,633,1,"Não aplicavel",1,"Não aplicavel"
634,634,1,"Wrong Address",1,"Não aplicavel"
635,635,1,"Não aplicavel",1,"Não aplicavel"
636,636,1,"Change of plans",1,"Não aplicavel"
637,637,1,"Não aplicavel",1,"Não aplicavel"
638,638,1,"Não aplicavel",1,"Personal & Car related issues"
639,639,1,"Não aplicavel",1,"Personal & Car related issues"
640,640,1,"Não aplicavel",1,"More than permitted people in there"
641,641,1,"Não aplicavel",1,"Não aplicavel"
642,642,1,"Não aplicavel",1,"Não aplicavel"
643,643,1,"Não aplicavel",1,"Não aplicavel"
644,644,1,"Não aplicavel",1,"Não aplicavel"
645,645,1,"Não aplicavel",1,"Não aplicavel"
646,646,1,"Não aplicavel",1,"Não aplicavel"
647,647,1,"Não aplicavel",1,"More than permitted people in there"
648,648,1,"Não aplicavel",1,"Não aplicavel"
649,649,1,"Não aplicavel",1,"Não aplicavel"
650,650,1,"Não aplicavel",1,"More than permitted people in there"
651,651,1,"Não aplicavel",1,"Não aplicavel"
652,652,1,"Não aplicavel",1,"Não aplicavel"
653,653,1,"Não aplicavel",1,"Não aplicavel"
654,654,1,"Não aplicavel",1,"Não aplicavel"
655,655,1,"Não aplicavel",1,"Não aplicavel"
656,656,1,"Não aplicavel",1,"Não aplicavel"
657,657,1,"Não aplicavel",1,"Não aplicavel"
658,658,1,"Não aplicavel",1,"Não aplicavel"
659,659,1,"Não aplicavel",1,"Não aplicavel"
660,660,1,"Não aplicavel",1,"The customer was coughing/sick"
661,661,1,"Não aplicavel",1,"Não aplicavel"
662,662,1,"Não aplicavel",1,"Não aplicavel"
663,663,1,"Não aplicavel",1,"Não aplicavel"
664,664,1,"Não aplicavel",1,"Não aplicavel"
665,665,1,"Não aplicavel",1,"Não aplicavel"
666,666,1,"Não aplicavel",1,"Não aplicavel"
667,667,1,"Não aplicavel",1,"Não aplicavel"
668,668,1,"Não aplicavel",1,"Não aplicavel"
669,669,1,"Não aplicavel",1,"Não aplicavel"
670,670,1,"Não aplicavel",1,"Não aplicavel"
671,671,1,"Não aplicavel",1,"Não aplicavel"
672,672,1,"Não aplicavel",1,"Não aplicavel"
673,673,1,"Não aplicavel",1,"Não aplicavel"
674,674,1,"Não aplicavel",1,"Não aplicavel"
675,675,1,"Não aplicavel",1,"Não aplicavel"
676,676,1,"Não aplicavel",1,"Não aplicavel"
677,677,1,"Não aplicavel",1,"Não aplicavel"
678,678,1,"Não aplicavel",1,"Não aplicavel"
679,679,1,"Não aplicavel",1,"Não aplicavel"
680,680,1,"Não aplicavel",1,"Não aplicavel"
681,681,1,"Driver is not moving towards pickup location",1,"Não aplicavel"
682,682,1,"Não aplicavel",1,"Não aplicavel"
683,683,1,"Não aplicavel",1,"Não aplicavel"
684,684,1,"Não aplicavel",1,"Não aplicavel"
685,685,1,"Não aplicavel",1,"Não aplicavel"
686,686,1,"Não aplicavel",1,"Não aplicavel"
687,687,1,"Não aplicavel",1,"Não aplicavel"
688,688,1,"Não aplicavel",1,"Não aplicavel"
689,689,1,"Não aplicavel",1,"Não aplicavel"
690,690,1,"Não aplicavel",1,"Não aplicavel"
691,691,1,"Não aplicavel",1,"Não aplicavel"
692,692,1,"Não aplicavel",1,"Não aplicavel"
693,693,1,"Não aplicavel",1,"More than permitted people in there"
694,694,1,"Não aplicavel",1,"Não aplicavel"
695,695,1,"Não aplicavel",1,"Não aplicavel"
696,696,1,"Não aplicavel",1,"Não aplicavel"
697,697,1,"Não aplicavel",1,"Não aplicavel"
698,698,1,"Não aplicavel",1,"Não aplicavel"
699,699,1,"Não aplicavel",1,"Não aplicavel"
700,700,1,"Não aplicavel",1,"Não aplicavel"
701,701,1,"Não aplicavel",1,"The customer was coughing/sick"
702,702,1,"Não aplicavel",1,"Não aplicavel"
703,703,1,"Não aplicavel",1,"Não aplicavel"
704,704,1,"Não aplicavel",1,"Customer related issue"
705,705,1,"Não aplicavel",1,"Não aplicavel"
706,706,1,"Não aplicavel",1,"More than permitted people in there"
707,707,1,"Não aplicavel",1,"Não aplicavel"
708,708,1,"Não aplicavel",1,"Não aplicavel"
709,709,1,"Não aplicavel",1,"Não aplicavel"
710,710,1,"Não aplicavel",1,"Não aplicavel"
711,711,1,"Não aplicavel",1,"Não aplicavel"
712,712,1,"Wrong Address",1,"Não aplicavel"
713,713,1,"Não aplicavel",1,"The customer was coughing/sick"
714,714,1,"Não aplicavel",1,"Não aplicavel"
715,715,1,"Não aplicavel",1,"Não aplicavel"
716,716,1,"Driver is not moving towards pickup location",1,"Não aplicavel"
717,717,1,"Não aplicavel",1,"Não aplicavel"
718,718,1,"Não aplicavel",1,"Customer related issue"
719,719,1,"Não aplicavel",1,"Não aplicavel"
720,720,1,"Não aplicavel",1,"Não aplicavel"
721,721,1,"Não aplicavel",1,"Não aplicavel"
722,722,1,"Não aplicavel",1,"Não aplicavel"
723,723,1,"Não aplicavel",1,"Não aplicavel"
724,724,1,"Não aplicavel",1,"Não aplicavel"
725,725,1,"Não aplicavel",1,"Não aplicavel"
726,726,1,"Change of plans",1,"Não aplicavel"
727,727,1,"Não aplicavel",1,"More than permitted people in there"
728,728,1,"Não aplicavel",1,"Não aplicavel"
729,729,1,"AC is not working",1,"Não aplicavel"
730,730,1,"Não aplicavel",1,"Não aplicavel"
731,731,1,"Não aplicavel",1,"Não aplicavel"
732,732,1,"Não aplicavel",1,"Não aplicavel"
733,733,1,"Não aplicavel",1,"Não aplicavel"
734,734,1,"Não aplicavel",1,"Não aplicavel"
735,735,1,"Não aplicavel",1,"Não aplicavel"
736,736,1,"Não aplicavel",1,"The customer was coughing/sick"
737,737,1,"Não aplicavel",1,"Não aplicavel"
738,738,1,"Não aplicavel",1,"Não aplicavel"
739,739,1,"Não aplicavel",1,"Não aplicavel"
740,740,1,"Não aplicavel",1,"Customer related issue"
741,741,1,"Não aplicavel",1,"Não aplicavel"
742,742,1,"Não aplicavel",1,"Não aplicavel"
743,743,1,"Não aplicavel",1,"Não aplicavel"
744,744,1,"Não aplicavel",1,"Não aplicavel"
745,745,1,"Não aplicavel",1,"Não aplicavel"
746,746,1,"Não aplicavel",1,"Não aplicavel"
747,747,1,"Não aplicavel",1,"Não aplicavel"
748,748,1,"Não aplicavel",1,"The customer was coughing/sick"
749,749,1,"Não aplicavel",1,"Personal & Car related issues"
750,750,1,"Não aplicavel",1,"Não aplicavel"
751,751,1,"Não aplicavel",1,"Não aplicavel"
752,752,1,"Não aplicavel",1,"Não aplicavel"
753,753,1,"Não aplicavel",1,"Personal & Car related issues"
754,754,1,"Não aplicavel",1,"Personal & Car related issues"
755,755,1,"Não aplicavel",1,"Não aplicavel"
756,756,1,"Não aplicavel",1,"Não aplicavel"
757,757,1,"Não aplicavel",1,"Não aplicavel"
758,758,1,"Driver is not moving towards pickup location",1,"Não aplicavel"
759,759,1,"Não aplicavel",1,"Personal & Car related issues"
760,760,1,"Não aplicavel",1,"Não aplicavel"
761,761,1,"Não aplicavel",1,"Não aplicavel"
762,762,1,"Não aplicavel",1,"Não aplicavel"
763,763,1,"Não aplicavel",1,"Não aplicavel"
764,764,1,"Não aplicavel",1,"Não aplicavel"
765,765,1,"Não aplicavel",1,"Não aplicavel"
766,766,1,"Não aplicavel",1,"Não aplicavel"
767,767,1,"Não aplicavel",1,"Não aplicavel"
768,768,1,"Não aplicavel",1,"Não aplicavel"
769,769,1,"Não aplicavel",1,"Não aplicavel"
770,770,1,"Não aplicavel",1,"Não aplicavel"
771,771,1,"Driver is not moving towards pickup location",1,"Não aplicavel"
772,772,1,"Não aplicavel",1,"More than permitted people in there"
773,773,1,"Não aplicavel",1,"Não aplicavel"
774,774,1,"Não aplicavel",1,"Não aplicavel"
775,775,1,"Não aplicavel",1,"Não aplicavel"
776,776,1,"Não aplicavel",1,"Não aplicavel"
777,777,1,"Não aplicavel",1,"Não aplicavel"
778,778,1,"Não aplicavel",1,"Não aplicavel"
779,779,1,"Não aplicavel",1,"Não aplicavel"
780,780,1,"Não aplicavel",1,"Não aplicavel"
781,781,1,"Não aplicavel",1,"Não aplicavel"
782,782,1,"Não aplicavel",1,"Não aplicavel"
783,783,1,"Não aplicavel",1,"Não aplicavel"
784,784,1,"Não aplicavel",1,"Customer related issue"
785,785,1,"Não aplicavel",1,"Não aplicavel"
786,786,1,"Não aplicavel",1,"Não aplicavel"
787,787,1,"Não aplicavel",1,"Não aplicavel"
788,788,1,"Não aplicavel",1,"Não aplicavel"
789,789,1,"Não aplicavel",1,"Não aplicavel"
790,790,1,"Não aplicavel",1,"Não aplicavel"
791,791,1,"Não aplicavel",1,"Não aplicavel"
792,792,1,"Não aplicavel",1,"Não aplicavel"
793,793,1,"Não aplicavel",1,"Não aplicavel"
794,794,1,"Não aplicavel",1,"More than permitted people in there"
795,795,1,"Não aplicavel",1,"Não aplicavel"
796,796,1,"Não aplicavel",1,"Não aplicavel"
797,797,1,"Não aplicavel",1,"Não aplicavel"
798,798,1,"Não aplicavel",1,"Não aplicavel"
799,799,1,"Não aplicavel",1,"Não aplicavel"
800,800,1,"Não aplicavel",1,"More than permitted people in there"
801,801,1,"Não aplicavel",1,"The customer was coughing/sick"
802,802,1,"Não aplicavel",1,"Não aplicavel"
803,803,1,"Não aplicavel",1,"Não aplicavel"
804,804,1,"Não aplicavel",1,"Não aplicavel"
805,805,1,"Driver is not moving towards pickup location",1,"Não aplicavel"
806,806,1,"Não aplicavel",1,"Não aplicavel"
807,807,1,"Não aplicavel",1,"Não aplicavel"
808,808,1,"Não aplicavel",1,"Não aplicavel"
809,809,1,"Não aplicavel",1,"The customer was coughing/sick"
810,810,1,"Não aplicavel",1,"Não aplicavel"
811,811,1,"Não aplicavel",1,"Não aplicavel"
812,812,1,"Não aplicavel",1,"The customer was coughing/sick"
813,813,1,"Change of plans",1,"Não aplicavel"
814,814,1,"Não aplicavel",1,"Não aplicavel"
815,815,1,"Não aplicavel",1,"Não aplicavel"
816,816,1,"Não aplicavel",1,"Personal & Car related issues"
817,817,1,"Não aplicavel",1,"Customer related issue"
818,818,1,"Não aplicavel",1,"Não aplicavel"
819,819,1,"Não aplicavel",1,"Personal & Car related issues"
820,820,1,"Não aplicavel",1,"Não aplicavel"
821,821,1,"Não aplicavel",1,"Não aplicavel"
822,822,1,"Não aplicavel",1,"Não aplicavel"
823,823,1,"Não aplicavel",1,"Não aplicavel"
824,824,1,"Não aplicavel",1,"The customer was coughing/sick"
825,825,1,"Não aplicavel",1,"Não aplicavel"
826,826,1,"Não aplicavel",1,"Não aplicavel"
827,827,1,"Não aplicavel",1,"Não aplicavel"
828,828,1,"Não aplicavel",1,"Não aplicavel"
829,829,1,"Não aplicavel",1,"Não aplicavel"
830,830,1,"Change of plans",1,"Não aplicavel"
831,831,1,"Não aplicavel",1,"Customer related issue"
832,832,1,"Não aplicavel",1,"Não aplicavel"
833,833,1,"Não aplicavel",1,"Não aplicavel"
834,834,1,"Não aplicavel",1,"Não aplicavel"
835,835,1,"Não aplicavel",1,"Não aplicavel"
836,836,1,"Não aplicavel",1,"More than permitted people in there"
837,837,1,"Não aplicavel",1,"Não aplicavel"
838,838,1,"Não aplicavel",1,"Não aplicavel"
839,839,1,"Change of plans",1,"Não aplicavel"
840,840,1,"Não aplicavel",1,"Não aplicavel"
841,841,1,"Não aplicavel",1,"Não aplicavel"
842,842,1,"Não aplicavel",1,"Não aplicavel"
843,843,1,"Não aplicavel",1,"Não aplicavel"
844,844,1,"Não aplicavel",1,"Não aplicavel"
845,845,1,"Não aplicavel",1,"Não aplicavel"
846,846,1,"Não aplicavel",1,"Não aplicavel"
847,847,1,"Não aplicavel",1,"Customer related issue"
848,848,1,"Não aplicavel",1,"Não aplicavel"
849,849,1,"Não aplicavel",1,"The customer was coughing/sick"
850,850,1,"Não aplicavel",1,"Não aplicavel"
851,851,1,"Não aplicavel",1,"Não aplicavel"
852,852,1,"Não aplicavel",1,"Não aplicavel"
853,853,1,"Não aplicavel",1,"Não aplicavel"
854,854,1,"Não aplicavel",1,"Não aplicavel"
855,855,1,"Não aplicavel",1,"More than permitted people in there"
856,856,1,"Não aplicavel",1,"Não aplicavel"
857,857,1,"Não aplicavel",1,"Não aplicavel"
858,858,1,"Não aplicavel",1,"Não aplicavel"
859,859,1,"Não aplicavel",1,"Não aplicavel"
860,860,1,"Não aplicavel",1,"Não aplicavel"
861,861,1,"Não aplicavel",1,"Não aplicavel"
862,862,1,"Não aplicavel",1,"Não aplicavel"
863,863,1,"Não aplicavel",1,"Não aplicavel"
864,864,1,"Não aplicavel",1,"Não aplicavel"
865,865,1,"Não aplicavel",1,"Não aplicavel"
866,866,1,"Não aplicavel",1,"More than permitted people in there"
867,867,1,"Não aplicavel",1,"Customer related issue"
868,868,1,"Não aplicavel",1,"Customer related issue"
869,869,1,"Não aplicavel",1,"Não aplicavel"
870,870,1,"Não aplicavel",1,"Não aplicavel"
871,871,1,"Não aplicavel",1,"Não aplicavel"
872,872,1,"Não aplicavel",1,"Não aplicavel"
873,873,1,"Não aplicavel",1,"Não aplicavel"
874,874,1,"Não aplicavel",1,"Não aplicavel"
875,875,1,"Não aplicavel",1,"Não aplicavel"
876,876,1,"Não aplicavel",1,"Não aplicavel"
877,877,1,"Não aplicavel",1,"Não aplicavel"
878,878,1,"Não aplicavel",1,"Não aplicavel"
879,879,1,"Não aplicavel",1,"Não aplicavel"
880,880,1,"Não aplicavel",1,"Não aplicavel"
881,881,1,"Não aplicavel",1,"More than permitted people in there"
882,882,1,"Não aplicavel",1,"Não aplicavel"
883,883,1,"Não aplicavel",1,"Não aplicavel"
884,884,1,"Não aplicavel",1,"Não aplicavel"
885,885,1,"Não aplicavel",1,"Não aplicavel"
886,886,1,"Não aplicavel",1,"Não aplicavel"
887,887,1,"Driver is not moving towards pickup location",1,"Não aplicavel"
888,888,1,"Não aplicavel",1,"Não aplicavel"
889,889,1,"Driver is not moving towards pickup location",1,"Não aplicavel"
890,890,1,"Não aplicavel",1,"Não aplicavel"
891,891,1,"Não aplicavel",1,"Não aplicavel"
892,892,1,"Não aplicavel",1,"Não aplicavel"
893,893,1,"Não aplicavel",1,"More than permitted people in there"
894,894,1,"Não aplicavel",1,"Não aplicavel"
895,895,1,"Não aplicavel",1,"Não aplicavel"
896,896,1,"Não aplicavel",1,"Customer related issue"
897,897,1,"Não aplicavel",1,"Não aplicavel"
898,898,1,"Não aplicavel",1,"Não aplicavel"
899,899,1,"Não aplicavel",1,"The customer was coughing/sick"
900,900,1,"Não aplicavel",1,"More than permitted people in there"
901,901,1,"Wrong Address",1,"Não aplicavel"
902,902,1,"Não aplicavel",1,"Não aplicavel"
903,903,1,"Não aplicavel",1,"Não aplicavel"
904,904,1,"Não aplicavel",1,"Não aplicavel"
905,905,1,"Wrong Address",1,"Não aplicavel"
906,906,1,"Wrong Address",1,"Não aplicavel"
907,907,1,"Não aplicavel",1,"Não aplicavel"
908,908,1,"Não aplicavel",1,"Não aplicavel"
909,909,1,"Não aplicavel",1,"Não aplicavel"
910,910,1,"Não aplicavel",1,"Não aplicavel"
911,911,1,"Não aplicavel",1,"Não aplicavel"
912,912,1,"Não aplicavel",1,"Não aplicavel"
913,913,1,"Não aplicavel",1,"Não aplicavel"
914,914,1,"Não aplicavel",1,"Não aplicavel"
915,915,1,"Não aplicavel",1,"Não aplicavel"
916,916,1,"Não aplicavel",1,"Não aplicavel"
917,917,1,"Não aplicavel",1,"Não aplicavel"
918,918,1,"Não aplicavel",1,"More than permitted people in there"
919,919,1,"Não aplicavel",1,"Não aplicavel"
920,920,1,"Não aplicavel",1,"Não aplicavel"
921,921,1,"Driver is not moving towards pickup location",1,"Não aplicavel"
922,922,1,"Não aplicavel",1,"Não aplicavel"
923,923,1,"Não aplicavel",1,"Personal & Car related issues"
924,924,1,"Não aplicavel",1,"Não aplicavel"
925,925,1,"Não aplicavel",1,"Não aplicavel"
926,926,1,"Não aplicavel",1,"Não aplicavel"
927,927,1,"Não aplicavel",1,"Não aplicavel"
928,928,1,"Não aplicavel",1,"Não aplicavel"
929,929,1,"Não aplicavel",1,"Não aplicavel"
930,930,1,"Não aplicavel",1,"Personal & Car related issues"
931,931,1,"Não aplicavel",1,"Não aplicavel"
932,932,1,"Não aplicavel",1,"Não aplicavel"
933,933,1,"Não aplicavel",1,"Não aplicavel"
934,934,1,"Não aplicavel",1,"Não aplicavel"
935,935,1,"Não aplicavel",1,"Não aplicavel"
936,936,1,"Não aplicavel",1,"Não aplicavel"
937,937,1,"Change of plans",1,"Não aplicavel"
938,938,1,"Driver asked to cancel",1,"Não aplicavel"
939,939,1,"Não aplicavel",1,"Não aplicavel"
940,940,1,"Não aplicavel",1,"Personal & Car related issues"
941,941,1,"Não aplicavel",1,"Não aplicavel"
942,942,1,"Não aplicavel",1,"More than permitted people in there"
943,943,1,"Não aplicavel",1,"Personal & Car related issues"
944,944,1,"Não aplicavel",1,"Não aplicavel"
945,945,1,"Não aplicavel",1,"Não aplicavel"
946,946,1,"Não aplicavel",1,"Não aplicavel"
947,947,1,"Não aplicavel",1,"Não aplicavel"
948,948,1,"Não aplicavel",1,"Não aplicavel"
949,949,1,"Não aplicavel",1,"The customer was coughing/sick"
950,950,1,"Não aplicavel",1,"Não aplicavel"
951,951,1,"Não aplicavel",1,"Não aplicavel"
952,952,1,"Não aplicavel",1,"Não aplicavel"
953,953,1,"Não aplicavel",1,"Não aplicavel"
954,954,1,"Não aplicavel",1,"Não aplicavel"
955,955,1,"Change of plans",1,"Não aplicavel"
956,956,1,"Não aplicavel",1,"Não aplicavel"
957,957,1,"Não aplicavel",1,"Não aplicavel"
958,958,1,"Change of plans",1,"Não aplicavel"
959,959,1,"Não aplicavel",1,"Não aplicavel"
960,960,1,"Não aplicavel",1,"More than permitted people in there"
961,961,1,"Wrong Address",1,"Não aplicavel"
962,962,1,"Não aplicavel",1,"Não aplicavel"
963,963,1,"Não aplicavel",1,"Não aplicavel"
964,964,1,"Não aplicavel",1,"Não aplicavel"
965,965,1,"Não aplicavel",1,"Não aplicavel"
966,966,1,"Não aplicavel",1,"Não aplicavel"
967,967,1,"Não aplicavel",1,"Não aplicavel"
968,968,1,"Não aplicavel",1,"Não aplicavel"
969,969,1,"Não aplicavel",1,"Não aplicavel"
970,970,1,"Não aplicavel",1,"Não aplicavel"
971,971,1,"Não aplicavel",1,"Não aplicavel"
972,972,1,"Não aplicavel",1,"Não aplicavel"
973,973,1,"Não aplicavel",1,"Não aplicavel"
974,974,1,"Não aplicavel",1,"Não aplicavel"
975,975,1,"Não aplicavel",1,"Não aplicavel"
976,976,1,"Não aplicavel",1,"Não aplicavel"
977,977,1,"Não aplicavel",1,"Não aplicavel"
978,978,1,"Não aplicavel",1,"Não aplicavel"
979,979,1,"Não aplicavel",1,"More than permitted people in there"
980,980,1,"Não aplicavel",1,"Customer related issue"
981,981,1,"Não aplicavel",1,"Não aplicavel"
982,982,1,"Não aplicavel",1,"Não aplicavel"
983,983,1,"Não aplicavel",1,"Não aplicavel"
984,984,1,"Não aplicavel",1,"Customer related issue"
985,985,1,"Não aplicavel",1,"Não aplicavel"
986,986,1,"Não aplicavel",1,"Não aplicavel"
987,987,1,"Não aplicavel",1,"Não aplicavel"
988,988,1,"Não aplicavel",1,"Customer related issue"
989,989,1,"Wrong Address",1,"Não aplicavel"
990,990,1,"Não aplicavel",1,"The customer was coughing/sick"
991,991,1,"Não aplicavel",1,"Não aplicavel"
992,992,1,"Não aplicavel",1,"Não aplicavel"
993,993,1,"Driver is not moving towards pickup location",1,"Não aplicavel"
994,994,1,"Não aplicavel",1,"Não aplicavel"
995,995,1,"Não aplicavel",1,"Não aplicavel"
996,996,1,"Não aplicavel",1,"Não aplicavel"
997,997,1,"Não aplicavel",1,"Não aplicavel"
998,998,1,"Não aplicavel",1,"Não aplicavel"
999,999,1,"Driver asked to cancel",1,"Não aplicavel"
1000,1000,1,"Não aplicavel",1,"Não aplicavel"
